Severity,County,State,Temperature(F),Wind_Chill(F),Humidity(%),Pressure(in),Visibility(mi),Wind_Speed(mph),Precipitation(in)
2,East Baton Rouge,LA,47.0,40.0,41.0,30.24,10.0,16.0,0.0
2,Los Angeles,CA,53.0,53.0,74.0,29.86,10.0,0.0,0.0
3,Los Angeles,CA,69.0,69.0,70.0,29.59,10.0,5.0,0.0
2,Orange,CA,81.0,81.0,18.0,29.97,10.0,9.0,0.0
2,Aitkin,MN,32.0,32.0,75.0,28.89,10.0,3.0,0.0
2,Butte,CA,74.0,74.0,29.0,29.99,9.0,3.0,0.0
3,Alameda,CA,59.0,59.0,44.0,30.24,10.0,5.0,0.0
2,Los Angeles,CA,60.0,60.0,90.0,29.89,10.0,5.0,0.0
3,Tooele,UT,45.0,38.0,48.0,25.51,10.0,17.0,0.0
3,Douglas,NE,30.0,23.0,65.0,29.21,10.0,7.0,0.0
2,Santa Cruz,CA,47.0,47.0,93.0,29.56,10.0,0.0,0.0
2,Santa Cruz,CA,53.0,53.0,89.0,29.9,10.0,0.0,0.0
3,Pierce,WA,50.0,43.0,99.0,29.51,10.0,18.0,0.0
2,Westmoreland,PA,43.0,37.0,42.0,28.92,10.0,9.0,0.0
2,Los Angeles,CA,67.0,67.0,5.0,29.26,10.0,21.0,0.0
3,Hennepin,MN,84.0,84.0,72.0,28.91,10.0,6.0,0.0
2,Lee,FL,81.0,81.0,88.0,29.92,10.0,9.0,0.0
2,Jefferson,AL,87.0,87.0,40.0,29.45,10.0,6.0,0.0
3,Los Angeles,CA,74.0,74.0,64.0,29.84,10.0,8.0,0.0
2,Colbert,AL,89.0,89.0,45.0,29.45,10.0,12.0,0.0
2,Manatee,FL,69.0,69.0,73.0,29.88,10.0,15.0,0.0
3,Hamilton,TN,70.0,70.0,90.0,29.08,7.0,9.0,0.0
2,Mecklenburg,NC,76.0,76.0,87.0,29.28,7.0,6.0,0.0
3,Baker,FL,97.0,97.0,27.0,29.79,10.0,6.0,0.0
2,Harris,TX,82.0,82.0,51.0,29.87,10.0,16.0,0.0
2,Los Angeles,CA,66.0,66.0,68.0,29.73,10.0,6.0,0.0
2,Los Angeles,CA,80.0,80.0,20.0,29.98,10.0,5.0,0.0
3,Middlesex,CT,46.0,42.0,100.0,28.95,2.0,8.0,0.0
2,Collin,TX,81.0,81.0,74.0,29.35,10.0,6.0,0.0
2,Oklahoma,OK,79.0,79.0,64.0,28.45,10.0,7.0,0.0
2,Seminole,FL,77.0,77.0,90.0,29.81,10.0,9.0,0.0
2,Ramsey,MN,43.0,34.0,100.0,28.39,10.0,21.0,0.0
2,Harris,TX,67.0,67.0,84.0,29.84,10.0,7.0,0.0
2,Caddo,LA,76.0,76.0,82.0,29.82,10.0,7.0,0.0
3,Queens,NY,51.0,51.0,54.0,30.05,10.0,8.0,0.0
2,Pima,AZ,64.0,64.0,14.0,27.24,10.0,7.0,0.0
2,DeKalb,GA,50.0,50.0,68.0,28.93,10.0,16.0,0.0
2,Cambria,PA,37.0,26.0,89.0,27.07,0.25,23.0,0.02
2,San Joaquin,CA,49.0,49.0,66.0,30.0,7.0,0.0,0.0
2,San Bernardino,CA,71.0,71.0,45.0,28.97,10.0,15.0,0.0
3,Onondaga,NY,67.0,67.0,87.0,29.32,2.0,16.0,0.2
3,Lexington,SC,53.0,53.0,89.0,29.84,10.0,0.0,0.0
2,Maricopa,AZ,69.0,69.0,34.0,28.8,10.0,5.0,0.0
2,Olmsted,MN,53.0,53.0,86.0,28.49,10.0,10.0,0.0
2,Santa Clara,CA,84.0,84.0,41.0,29.73,10.0,13.0,0.0
2,New York,NY,40.0,33.0,70.0,30.42,10.0,10.0,0.0
2,Mecklenburg,NC,52.0,52.0,67.0,28.57,10.0,30.0,0.0
1,Contra Costa,CA,65.0,65.0,63.0,29.68,10.0,20.0,0.0
2,Los Angeles,CA,70.0,70.0,49.0,29.86,10.0,0.0,0.0
2,Henrico,VA,84.0,84.0,56.0,29.74,10.0,14.0,0.0
2,Los Angeles,CA,75.0,75.0,53.0,29.7,8.0,5.0,0.0
2,Suffolk,MA,71.0,71.0,51.0,30.21,10.0,14.0,0.0
2,New York,NY,49.0,44.0,52.0,29.68,10.0,14.0,0.0
2,Dallas,TX,83.0,83.0,65.0,29.23,10.0,17.0,0.0
2,Wayne,MI,37.0,30.4,89.0,29.81,7.0,9.2,0.02
2,Miami-Dade,FL,85.0,85.0,67.0,29.92,10.0,14.0,0.0
2,Pierce,WA,74.0,74.0,55.0,29.56,10.0,13.0,0.0
2,Orange,CA,71.0,71.0,45.0,29.86,10.0,0.0,0.0
2,Deschutes,OR,86.0,86.0,24.0,26.92,10.0,10.0,0.0
2,Napa,CA,38.0,38.0,86.0,29.99,8.0,0.0,0.0
2,Miami-Dade,FL,62.0,62.0,44.0,30.03,10.0,14.0,0.0
2,Jefferson,AL,50.0,50.0,38.0,29.8,10.0,5.0,0.0
2,Richmond,GA,44.1,41.5,93.0,29.98,2.0,4.6,0.04
2,Bexar,TX,69.0,69.0,65.0,29.34,10.0,6.0,0.0
2,Dallas,TX,71.0,71.0,70.0,29.19,10.0,5.0,0.0
2,Wake,NC,63.0,63.0,97.0,29.6,10.0,5.0,0.0
2,San Mateo,CA,55.0,55.0,77.0,30.2,10.0,3.0,0.0
2,Madera,CA,51.0,51.0,68.0,30.02,10.0,3.0,0.0
2,Los Angeles,CA,54.0,54.0,66.0,29.43,10.0,0.0,0.0
2,Hays,TX,62.0,62.0,86.0,29.68,10.0,0.0,0.0
2,Jefferson,MO,75.0,75.0,60.0,29.48,10.0,0.0,0.0
3,Dallas,TX,63.0,63.0,93.0,29.3,2.0,7.0,0.02
4,El Paso,CO,67.0,67.0,28.0,23.19,10.0,13.0,0.0
2,Wake,NC,49.0,45.0,46.0,29.21,10.0,10.0,0.0
2,Oconee,SC,63.0,63.0,93.0,29.11,10.0,0.0,0.0
2,Hernando,FL,76.0,76.0,94.0,29.76,5.0,3.0,0.0
2,Lee,FL,49.0,49.0,86.0,30.16,10.0,0.0,0.0
2,Glenn,CA,52.0,52.0,94.0,29.8,10.0,0.0,0.0
4,Jefferson,AL,67.0,67.0,90.0,29.23,2.0,13.0,0.08
2,New Castle,DE,57.0,57.0,62.0,29.85,10.0,13.0,0.0
2,Clay,FL,78.0,78.0,71.0,30.23,10.0,7.0,0.0
2,Los Angeles,CA,73.0,73.0,61.0,29.62,10.0,5.0,0.0
2,Salt Lake,UT,47.0,45.0,90.0,25.53,10.0,5.0,0.0
2,Dupage,IL,67.0,67.0,36.0,29.27,10.0,12.0,0.0
2,Los Angeles,CA,49.0,49.0,83.0,29.86,10.0,0.0,0.0
3,Chatham,GA,77.0,77.0,62.0,30.1,10.0,6.0,0.0
2,Miami-Dade,FL,81.0,81.0,82.0,29.92,10.0,5.0,0.0
2,Colusa,CA,73.0,73.0,31.0,30.0,10.0,6.0,0.0
2,Los Angeles,CA,53.0,53.0,80.0,29.21,10.0,0.0,0.0
2,Madison,AL,39.0,34.0,73.0,29.37,10.0,8.0,0.0
2,Deschutes,OR,37.0,37.0,75.0,26.5,10.0,0.0,0.0
2,Mecklenburg,NC,63.0,63.0,75.0,29.48,10.0,0.0,0.0
2,Humboldt,CA,37.0,33.0,93.0,29.77,10.0,5.0,0.0
3,Bernalillo,NM,65.0,65.0,70.0,24.81,10.0,0.0,0.0
2,Bergen,NJ,64.0,64.0,60.0,29.93,10.0,8.0,0.0
2,San Diego,CA,63.0,63.0,48.0,30.0,10.0,5.0,0.0
2,Lake,IL,44.0,44.0,93.0,29.34,10.0,3.0,0.0
2,Los Angeles,CA,54.0,54.0,57.0,29.78,10.0,0.0,0.0
3,Los Angeles,CA,68.0,68.0,78.0,29.78,9.0,3.0,0.0
3,San Bernardino,CA,89.0,89.0,14.0,28.82,10.0,9.0,0.0
2,Lake,IL,63.0,63.0,90.0,29.32,10.0,9.0,0.0
2,Pike,AL,61.0,61.0,56.0,29.79,10.0,5.0,0.0
2,Los Angeles,CA,63.0,63.0,70.0,29.81,6.0,0.0,0.0
3,Dallas,TX,54.0,54.0,88.0,29.46,10.0,16.0,0.0
2,Duval,FL,88.0,88.0,70.0,30.02,10.0,10.0,0.0
2,Los Angeles,CA,57.0,57.0,67.0,29.91,10.0,0.0,0.0
2,Hamilton,OH,45.0,38.0,58.0,29.08,10.0,15.0,0.0
2,Tulare,CA,52.0,52.0,74.0,29.89,7.0,0.0,0.0
2,Los Angeles,CA,50.0,50.0,86.0,29.12,4.0,10.0,0.11
3,Rockdale,GA,46.0,46.0,100.0,28.97,0.5,0.0,0.0
2,Montgomery,PA,47.0,45.0,86.0,29.81,10.0,5.0,0.0
2,Davidson,TN,51.0,51.0,89.0,28.9,1.0,10.0,0.0
2,Upson,GA,55.0,55.0,82.0,29.22,10.0,0.0,0.0
2,Pima,AZ,60.0,60.0,33.0,27.13,10.0,10.0,0.0
3,Jackson,MO,74.0,74.0,71.0,28.89,10.0,17.0,0.0
2,Orangeburg,SC,72.0,72.0,40.0,30.09,10.0,5.0,0.0
2,Nevada,CA,73.0,73.0,14.0,26.84,10.0,5.0,0.0
2,Caroline,VA,60.0,60.0,100.0,29.88,10.0,0.0,0.0
3,Johnston,NC,54.0,54.0,93.0,29.71,2.0,5.0,0.0
2,Los Angeles,CA,73.0,73.0,64.0,29.74,10.0,0.0,0.0
2,Queens,NY,36.0,30.0,89.0,29.83,6.0,8.0,0.19
2,Suffolk,NY,73.0,73.0,93.0,30.16,5.0,3.0,0.25
2,Los Angeles,CA,50.0,50.0,61.0,29.93,10.0,0.0,0.0
2,Pinellas,FL,84.0,84.0,74.0,29.97,10.0,3.0,0.0
1,Sonoma,CA,80.0,80.0,42.0,29.91,10.0,3.0,0.0
2,San Mateo,CA,67.0,67.0,66.0,30.04,10.0,24.0,0.0
2,Hillsborough,FL,63.0,63.0,81.0,29.93,10.0,5.0,0.0
2,Bexar,TX,76.0,76.0,32.0,29.31,10.0,14.0,0.0
2,Palm Beach,FL,77.0,77.0,89.0,29.89,7.0,7.0,0.0
2,Florence,SC,63.0,63.0,94.0,30.04,5.0,8.0,0.0
3,Bernalillo,NM,39.0,34.0,82.0,24.99,8.0,7.0,0.0
2,Montgomery,OH,42.0,36.0,53.0,28.94,10.0,12.0,0.0
2,Salt Lake,UT,56.0,56.0,87.0,25.54,5.0,10.0,0.22
2,Dallas,TX,42.0,42.0,70.0,29.72,10.0,3.0,0.0
2,Franklin,OH,28.9,17.7,82.0,29.87,9.0,15.0,0.0
2,Genesee,MI,22.0,14.0,66.0,29.7,10.0,6.0,0.0
2,Burlington,NJ,71.0,71.0,90.0,29.85,10.0,0.0,0.0
2,Los Angeles,CA,73.0,73.0,19.0,29.73,10.0,6.0,0.0
3,Orange,FL,88.0,88.0,53.0,29.95,10.0,3.0,0.0
3,Monroe,MI,73.0,73.0,37.0,29.17,10.0,12.0,0.0
2,Hillsborough,FL,77.0,77.0,54.0,30.27,10.0,7.0,0.0
2,Los Angeles,CA,74.0,74.0,48.0,29.78,10.0,6.0,0.0
2,Riverside,CA,52.0,52.0,57.0,29.17,10.0,0.0,0.0
2,Harris,TX,56.0,56.0,62.0,30.09,10.0,12.0,0.0
2,Orange,CA,57.0,57.0,55.0,29.95,7.0,3.0,0.0
2,Richmond City,VA,42.0,37.0,76.0,30.02,10.0,9.0,0.0
3,Larimer,CO,83.0,83.0,18.0,24.89,10.0,8.0,0.0
2,King,WA,67.0,67.0,52.0,30.07,10.0,6.0,0.0
2,Nicollet,MN,57.0,57.0,83.0,29.16,10.0,14.0,0.0
2,Pulaski,AR,34.0,25.0,73.0,30.03,10.0,14.0,0.0
2,Travis,TX,38.0,38.0,89.0,29.59,10.0,0.0,0.0
3,Dillon,SC,86.0,86.0,45.0,29.95,10.0,9.0,0.0
2,Davidson,TN,47.0,47.0,86.0,29.27,10.0,3.0,0.0
2,Los Angeles,CA,62.0,62.0,4.0,26.92,10.0,10.0,0.0
2,Kenton,KY,70.0,70.0,97.0,29.37,4.0,0.0,0.01
1,Manatee,FL,67.0,67.0,87.0,30.02,10.0,7.0,0.0
4,Polk,OR,64.0,64.0,26.0,29.8,10.0,13.0,0.0
4,Charleston,SC,76.0,76.0,85.0,29.79,7.0,29.0,0.0
2,Butte,CA,79.0,79.0,24.0,29.74,10.0,6.0,0.0
3,Cherokee,GA,74.0,74.0,68.0,29.02,10.0,3.0,0.0
2,Sonoma,CA,55.0,55.0,94.0,29.79,10.0,5.0,0.0
3,Queens,NY,51.0,51.0,100.0,30.1,10.0,6.0,0.0
2,Wake,NC,82.0,82.0,45.0,29.66,10.0,8.0,0.0
2,Linn,OR,45.0,43.5,86.0,30.16,8.0,3.5,0.01
2,Lycoming,PA,70.0,70.0,90.0,29.55,10.0,6.0,0.0
2,Los Angeles,CA,95.0,95.0,6.0,29.88,10.0,12.0,0.0
2,Wake,NC,71.0,71.0,78.0,29.66,10.0,3.0,0.0
3,Nassau,NY,83.0,83.0,69.0,29.94,10.0,8.0,0.0
2,Miami-Dade,FL,83.0,83.0,79.0,29.92,10.0,0.0,0.0
2,New York,NY,71.0,71.0,53.0,29.63,10.0,7.0,0.0
3,Harris,TX,88.0,88.0,65.0,29.82,10.0,9.0,0.0
2,Will,IL,40.0,34.0,60.0,29.24,10.0,9.0,0.0
2,San Bernardino,CA,63.0,63.0,32.0,28.9,6.0,0.0,0.0
3,Franklin,OH,76.0,76.0,89.0,28.79,10.0,20.0,0.0
2,Los Angeles,CA,64.0,64.0,67.0,29.71,4.0,0.0,0.0
3,St. Louis County,MO,33.0,29.0,64.0,29.3,10.0,5.0,0.0
2,Miami-Dade,FL,76.0,76.0,50.0,30.15,10.0,10.0,0.0
2,Caddo,LA,74.0,74.0,28.0,29.78,10.0,13.0,0.0
3,Williamson,TN,97.0,97.0,37.0,29.51,10.0,8.0,0.0
2,Yolo,CA,69.0,69.0,58.0,29.96,10.0,5.0,0.0
2,San Diego,CA,70.0,70.0,71.0,29.33,10.0,0.0,0.0
2,Sarpy,NE,24.0,12.0,74.0,28.68,10.0,14.0,0.0
2,St. Louis City,MO,19.0,5.6,74.0,30.17,10.0,13.8,0.0
2,Mecklenburg,NC,32.0,32.0,87.0,29.52,10.0,0.0,0.0
3,Richmond City,VA,58.0,58.0,90.0,29.58,10.0,7.0,0.0
2,Tarrant,TX,68.0,68.0,40.0,29.35,10.0,5.0,0.0
3,Los Angeles,CA,75.0,75.0,48.0,29.2,10.0,13.0,0.0
2,Beaufort,SC,46.0,41.0,93.0,30.2,10.0,9.0,0.0
2,Jefferson,OR,76.0,76.0,36.0,26.64,10.0,17.0,0.0
2,Los Angeles,CA,63.0,63.0,67.0,29.12,10.0,0.0,0.0
2,Spartanburg,SC,79.0,79.0,39.0,29.22,10.0,8.0,0.0
2,Coconino,AZ,45.0,45.0,46.0,23.29,10.0,0.0,0.0
2,Maricopa,AZ,95.0,95.0,32.0,28.6,10.0,3.0,0.0
2,Wake,NC,45.0,39.0,68.0,30.14,10.0,12.0,0.0
2,Miami-Dade,FL,78.0,78.0,90.0,29.96,10.0,7.0,0.0
4,Clark,IN,72.0,72.0,35.0,29.19,10.0,9.0,0.0
3,Wake,NC,68.0,68.0,93.0,29.56,10.0,9.0,0.0
2,Pulaski,AR,59.0,59.0,93.0,29.74,10.0,0.0,0.0
2,District of Columbia,DC,57.0,57.0,100.0,29.63,8.0,12.0,0.0
2,Los Angeles,CA,55.0,55.0,77.0,30.05,8.0,0.0,0.0
3,Adams,CO,21.0,11.0,93.0,24.5,0.5,9.0,0.0
2,Mecklenburg,NC,91.0,91.0,43.0,29.32,10.0,5.0,0.0
2,Miami-Dade,FL,77.0,77.0,90.0,30.0,10.0,7.0,0.0
2,Queens,NY,39.0,30.0,46.0,30.16,10.0,17.0,0.0
1,Davidson,TN,62.0,62.0,44.0,29.6,10.0,0.0,0.0
2,Alameda,CA,74.0,74.0,59.0,30.0,10.0,0.0,0.0
4,Miami-Dade,FL,68.0,68.0,87.0,29.92,10.0,5.0,0.0
2,Collin,TX,48.0,43.0,76.0,29.18,10.0,12.0,0.0
2,Forsyth,NC,49.0,49.0,93.0,29.05,10.0,0.0,0.0
3,Queens,NY,25.0,13.0,58.0,30.51,10.0,15.0,0.0
2,Suffolk,MA,41.0,33.0,89.0,30.39,3.0,16.0,0.08
4,Monroe,GA,63.0,63.0,50.0,29.58,10.0,5.0,0.0
2,Douglas,NE,73.0,73.0,90.0,28.99,10.0,17.0,0.06
2,Fresno,CA,76.0,76.0,54.0,29.59,10.0,0.0,0.0
3,Fairfax County,VA,86.0,86.0,57.0,29.63,10.0,6.0,0.0
3,Genesee,MI,82.0,82.0,41.0,29.2,10.0,5.0,0.0
2,East Baton Rouge,LA,55.0,55.0,35.0,30.08,10.0,8.0,0.0
2,Chesterfield,VA,46.0,41.0,47.0,29.7,10.0,10.0,0.0
2,Rockingham,NH,64.0,64.0,75.0,29.88,10.0,7.0,0.0
3,Washington,OR,63.0,63.0,54.0,29.77,10.0,6.0,0.0
2,Clarion,PA,24.0,17.0,91.0,28.23,0.75,6.0,0.03
2,Ramsey,MN,69.0,69.0,32.0,29.02,10.0,6.0,0.0
2,Travis,TX,82.0,82.0,14.0,29.55,10.0,6.0,0.0
2,Westchester,NY,75.0,75.0,90.0,29.05,1.0,3.0,0.0
2,Pima,AZ,69.0,69.0,21.0,27.24,10.0,5.0,0.0
2,Kane,IL,70.0,70.0,38.0,29.35,10.0,9.0,0.0
2,Miami-Dade,FL,82.0,82.0,90.0,29.93,10.0,5.0,0.0
2,Alameda,CA,46.0,42.0,83.0,29.14,10.0,7.0,0.0
3,Palm Beach,FL,75.0,75.0,94.0,29.84,10.0,5.0,0.0
2,Washington,PA,32.0,26.0,61.0,28.74,10.0,6.0,0.0
2,Washington,MN,28.0,19.0,74.0,29.06,10.0,10.0,0.0
3,Alameda,CA,80.0,80.0,54.0,29.75,10.0,12.0,0.0
3,Orange,FL,87.0,87.0,65.0,29.96,10.0,9.0,0.0
2,Santa Barbara,CA,49.0,49.0,86.0,30.05,10.0,0.0,0.0
2,Hartford,CT,38.0,34.0,48.0,30.35,10.0,5.0,0.0
2,East Baton Rouge,LA,32.0,32.0,92.0,30.2,10.0,0.0,0.0
2,Lake,IL,44.0,40.0,89.0,29.2,6.0,8.0,0.02
2,San Bernardino,CA,66.0,66.0,65.0,28.95,10.0,3.0,0.0
2,East Baton Rouge,LA,65.0,65.0,84.0,29.94,10.0,3.0,0.0
2,Riverside,CA,53.0,53.0,64.0,29.32,10.0,0.0,0.0
2,Kern,CA,51.0,51.0,54.0,29.67,6.0,5.0,0.0
3,Miami-Dade,FL,85.0,85.0,67.0,30.02,10.0,7.0,0.0
2,Montgomery,PA,69.0,69.0,40.0,29.74,10.0,12.0,0.0
3,Oklahoma,OK,72.0,72.0,93.0,28.42,10.0,10.0,0.01
3,Davidson,TN,90.0,90.0,48.0,29.27,10.0,13.0,0.0
3,Buncombe,NC,67.0,67.0,90.0,27.88,10.0,0.0,0.0
2,Williamson,TN,49.0,49.0,66.0,29.44,9.0,3.0,0.0
3,Duval,FL,80.0,80.0,28.0,29.91,10.0,6.0,0.0
2,Platte,MO,28.0,23.0,72.0,29.47,10.0,5.0,0.0
2,Merced,CA,47.0,45.0,83.0,30.19,8.0,5.0,0.0
2,Tulare,CA,56.0,56.0,64.0,29.85,10.0,5.0,0.0
2,Riverside,CA,66.0,66.0,30.0,29.22,9.0,6.0,0.0
3,New Haven,CT,81.0,81.0,54.0,30.24,10.0,7.0,0.0
2,Jefferson,AL,85.0,85.0,61.0,29.25,10.0,8.0,0.0
2,Miami-Dade,FL,84.0,84.0,76.0,30.01,10.0,0.0,0.0
2,Smith,TX,47.0,47.0,56.0,29.6,10.0,0.0,0.0
2,Monterey,CA,48.0,48.0,74.0,29.89,10.0,0.0,0.0
2,Anderson,SC,84.0,84.0,70.0,29.06,10.0,8.0,0.0
3,Jefferson,AL,82.0,82.0,74.0,29.45,10.0,7.0,0.0
2,San Joaquin,CA,49.0,46.0,66.0,30.01,10.0,7.0,0.0
2,Orange,CA,50.0,50.0,50.0,30.02,10.0,0.0,0.0
2,Cobb,GA,52.0,52.0,94.0,28.6,8.0,9.0,0.0
2,Multnomah,OR,57.0,57.0,69.0,30.11,10.0,9.0,0.0
2,Los Angeles,CA,55.0,55.0,80.0,30.03,10.0,0.0,0.0
2,San Diego,CA,52.0,52.0,86.0,30.22,10.0,3.0,0.0
3,Hays,TX,83.0,83.0,46.0,29.1,10.0,5.0,0.0
2,Anne Arundel,MD,51.0,51.0,66.0,29.35,10.0,9.0,0.0
2,Chester,PA,50.0,50.0,82.0,29.34,10.0,9.0,0.0
2,East Baton Rouge,LA,53.0,53.0,74.0,30.04,10.0,12.0,0.0
2,Marion,FL,69.0,69.0,73.0,30.05,10.0,5.0,0.0
2,Sarasota,FL,78.0,78.0,90.0,29.95,7.0,0.0,0.17
2,Wake,NC,36.0,29.0,76.0,29.75,10.0,9.0,0.0
2,Prince William,VA,42.0,38.0,65.0,30.14,10.0,7.0,0.0
3,Kings,NY,39.0,34.0,96.0,29.55,6.0,7.0,0.02
3,Riverside,CA,81.0,81.0,18.0,29.36,10.0,7.0,0.0
3,Osceola,FL,81.0,81.0,85.0,29.87,10.0,10.0,0.0
2,Jackson,MO,75.0,75.0,84.0,28.92,10.0,17.0,0.01
2,Tarrant,TX,41.0,41.0,53.0,29.82,10.0,0.0,0.0
2,Los Angeles,CA,59.0,59.0,90.0,29.18,3.0,3.0,0.0
2,Miami-Dade,FL,75.0,75.0,87.0,30.0,9.0,7.0,0.01
2,New Castle,DE,74.0,74.0,85.0,29.8,10.0,0.0,0.0
1,Davidson,TN,67.0,67.0,84.0,29.48,10.0,9.0,0.0
2,Colleton,SC,54.0,54.0,44.0,29.7,10.0,10.0,0.0
2,Maricopa,AZ,42.0,42.0,49.0,28.84,10.0,3.0,0.0
2,Greenville,SC,43.0,36.0,58.0,28.92,10.0,15.0,0.0
2,Denver,CO,57.0,57.0,77.0,24.47,10.0,0.0,0.0
2,Harris,TX,80.0,80.0,81.0,29.6,7.0,7.0,0.45
2,Oklahoma,OK,93.0,93.0,28.0,28.72,10.0,13.0,0.0
3,Alameda,CA,58.0,58.0,72.0,29.54,10.0,0.0,0.0
3,Madison,AL,79.0,79.0,91.0,29.29,9.0,5.0,0.0
2,Harris,TX,71.0,71.0,78.0,29.68,10.0,9.0,0.0
3,Fairfield,CT,37.0,29.0,59.0,29.73,10.0,12.0,0.0
2,Tooele,UT,59.0,59.0,42.0,25.38,10.0,3.0,0.0
2,San Diego,CA,63.0,63.0,84.0,29.92,10.0,8.0,0.0
2,Huntington,IN,39.0,39.0,88.0,28.99,10.0,0.0,0.0
2,Pottawattamie,IA,27.0,12.2,81.0,29.8,1.0,24.2,0.0
2,Travis,TX,85.0,85.0,65.0,29.3,10.0,13.0,0.0
3,San Diego,CA,64.0,64.0,72.0,29.46,10.0,8.0,0.0
2,District of Columbia,DC,47.0,47.0,57.0,29.84,10.0,0.0,0.0
2,Oklahoma,OK,60.0,60.0,69.0,28.7,10.0,7.0,0.0
2,Oklahoma,OK,77.0,77.0,43.0,28.48,10.0,25.0,0.0
2,Davidson,TN,71.0,71.0,78.0,29.52,10.0,0.0,0.0
2,Harris,TX,91.0,91.0,61.0,29.98,10.0,13.0,0.0
2,San Diego,CA,66.0,66.0,65.0,29.91,10.0,8.0,0.0
2,Los Angeles,CA,59.0,59.0,38.0,29.96,10.0,3.0,0.0
2,Placer,CA,84.0,84.0,28.0,29.81,10.0,13.0,0.0
2,Los Angeles,CA,52.0,52.0,69.0,30.01,10.0,0.0,0.0
2,Clackamas,OR,49.0,46.0,69.0,30.15,10.0,7.0,0.0
2,Santa Clara,CA,40.0,37.0,89.0,30.28,10.0,5.0,0.0
2,Los Angeles,CA,70.0,70.0,51.0,29.67,10.0,3.0,0.0
2,Los Angeles,CA,82.0,82.0,26.0,29.63,10.0,7.0,0.0
2,Fresno,CA,73.0,73.0,26.0,29.55,10.0,7.0,0.0
2,Washington,OR,38.0,38.0,93.0,29.67,6.0,0.0,0.0
2,Bergen,NJ,31.0,23.0,37.0,30.42,10.0,9.0,0.0
3,Brevard,FL,66.0,66.0,93.0,30.18,10.0,3.0,0.0
2,Miami-Dade,FL,76.0,76.0,94.0,29.97,10.0,5.0,0.06
2,Brevard,FL,69.0,69.0,68.0,30.1,10.0,13.0,0.0
3,Richmond City,VA,73.0,73.0,73.0,30.15,10.0,9.0,0.0
4,Miami-Dade,FL,73.0,73.0,68.0,29.89,10.0,3.0,0.0
2,Mecklenburg,NC,67.0,67.0,90.0,29.32,1.0,7.0,0.09
2,Monroe,NY,27.0,17.0,81.0,29.69,1.0,10.0,0.0
3,Muscogee,GA,64.0,64.0,54.0,29.7,10.0,7.0,0.0
2,Genesee,MI,39.0,36.0,46.0,29.49,10.0,5.0,0.0
2,Orange,FL,93.0,93.0,33.0,29.81,10.0,13.0,0.0
2,Harrisonburg,VA,38.0,38.0,87.0,28.68,10.0,0.0,0.0
4,Napa,CA,80.0,80.0,14.0,29.68,10.0,5.0,0.0
2,Shasta,CA,75.0,75.0,16.0,29.56,10.0,12.0,0.0
3,Limestone,AL,54.0,54.0,59.0,29.27,10.0,5.0,0.0
3,Greenville,SC,80.0,80.0,32.0,28.98,10.0,10.0,0.0
2,Palm Beach,FL,82.0,82.0,76.0,30.03,9.0,13.0,0.0
2,Hudson,NJ,54.0,54.0,66.0,30.02,10.0,0.0,0.0
2,Denton,TX,84.0,84.0,67.0,29.2,10.0,18.0,0.0
4,Dallas,TX,42.0,37.0,89.0,29.48,2.0,9.0,0.05
2,Suffolk,MA,36.0,36.0,79.0,29.89,10.0,3.0,0.01
2,Orange,CA,59.0,59.0,57.0,30.0,10.0,8.0,0.0
2,Kern,CA,78.0,78.0,37.0,29.28,10.0,6.0,0.0
2,Broward,FL,61.0,61.0,83.0,30.16,10.0,6.0,0.0
2,San Joaquin,CA,55.0,55.0,89.0,29.94,10.0,5.0,0.0
2,Oklahoma,OK,100.0,100.0,29.0,28.62,10.0,13.0,0.0
1,Maricopa,AZ,71.0,71.0,31.0,28.82,10.0,13.0,0.0
3,Fulton,GA,55.0,55.0,89.0,28.67,2.0,21.0,0.12
2,Santa Clara,CA,42.0,42.0,82.0,30.12,8.0,0.0,0.0
2,Mecklenburg,NC,82.0,82.0,74.0,29.2,10.0,7.0,0.0
2,Kootenai,ID,24.1,13.7,88.0,29.9,4.0,10.4,0.03
2,Spartanburg,SC,52.0,52.0,41.0,29.01,10.0,12.0,0.0
2,Jackson,OR,59.0,59.0,32.0,28.49,10.0,0.0,0.0
2,DeKalb,GA,72.0,72.0,100.0,28.93,1.0,5.0,0.01
4,Pinellas,FL,78.0,78.0,93.0,29.83,10.0,14.0,0.0
3,Orange,FL,66.0,66.0,87.0,29.99,10.0,3.0,0.0
3,Henrico,VA,44.0,44.0,79.0,29.97,10.0,0.0,0.0
2,Oklahoma,OK,34.0,26.0,58.0,28.89,10.0,10.0,0.0
2,Orange,CA,66.0,66.0,68.0,29.98,10.0,5.0,0.0
2,Ventura,CA,62.0,62.0,48.0,29.12,10.0,0.0,0.0
3,Hamilton,OH,69.0,69.0,81.0,29.45,10.0,5.0,0.0
2,Orange,CA,43.0,43.0,68.0,29.93,10.0,0.0,0.0
3,Palm Beach,FL,83.0,83.0,58.0,30.15,10.0,16.0,0.0
4,Miami-Dade,FL,78.0,78.0,62.0,30.07,10.0,6.0,0.0
2,Cook,IL,71.0,71.0,93.0,28.97,10.0,7.0,0.0
2,Klamath,OR,31.0,31.0,79.0,25.92,10.0,0.0,0.0
2,Geauga,OH,68.0,68.0,40.0,29.27,20.0,10.0,0.0
2,Humboldt,CA,38.0,38.0,97.0,29.92,7.0,0.0,0.0
2,Charleston,SC,69.0,69.0,90.0,29.85,10.0,8.0,0.0
3,Yolo,CA,68.0,68.0,63.0,29.88,10.0,0.0,0.0
3,Greenville,SC,80.0,80.0,58.0,28.98,10.0,7.0,0.0
2,Contra Costa,CA,85.0,85.0,22.0,30.01,10.0,9.0,0.0
2,Los Angeles,CA,45.0,45.0,58.0,29.89,10.0,0.0,0.0
2,Sarasota,FL,60.0,60.0,86.0,30.12,10.0,8.0,0.0
3,Essex,MA,58.0,58.0,90.0,29.75,10.0,8.0,0.0
2,Horry,SC,70.0,70.0,83.0,30.05,7.0,0.0,0.0
2,San Francisco,CA,60.0,60.0,67.0,29.95,10.0,13.0,0.0
3,Los Angeles,CA,72.0,72.0,49.0,29.74,10.0,0.0,0.0
2,Los Angeles,CA,46.0,46.0,86.0,29.86,10.0,0.0,0.01
2,Anderson,SC,91.0,91.0,50.0,29.2,10.0,6.0,0.0
2,Los Angeles,CA,59.0,59.0,81.0,29.71,10.0,0.0,0.0
2,Montgomery,PA,25.0,15.0,51.0,30.38,10.0,10.0,0.0
2,Pike,AL,30.0,30.0,100.0,29.98,10.0,0.0,0.0
2,Marion,FL,61.0,61.0,90.0,29.96,10.0,0.0,0.0
2,Suffolk,NY,73.0,73.0,68.0,29.98,10.0,0.0,0.0
2,Montgomery,AL,78.0,78.0,77.0,29.82,10.0,8.0,0.0
2,Dallas,TX,88.0,88.0,59.0,29.54,10.0,6.0,0.0
2,Miami-Dade,FL,52.0,52.0,58.0,30.06,10.0,9.0,0.0
3,Iron,UT,73.0,73.0,14.0,24.45,10.0,14.0,0.0
2,Denver,CO,63.0,63.0,29.0,24.13,10.0,6.0,0.0
2,Mecklenburg,NC,75.0,75.0,89.0,29.23,10.0,0.0,0.0
2,Los Angeles,CA,65.0,65.0,75.0,29.74,10.0,0.0,0.0
2,Jefferson,KY,37.0,37.0,29.0,30.05,10.0,3.0,0.0
3,New York,NY,43.0,39.0,76.0,29.45,10.0,7.0,0.0
3,Santa Rosa,FL,88.0,88.0,66.0,29.89,10.0,9.0,0.0
2,Pinellas,FL,77.0,77.0,84.0,29.92,10.0,12.0,0.0
2,Merced,CA,72.0,72.0,50.0,29.89,10.0,0.0,0.0
2,Elmore,AL,83.0,83.0,75.0,29.69,10.0,5.0,0.0
2,Mecklenburg,NC,91.0,91.0,47.0,29.18,10.0,5.0,0.0
2,Hennepin,MN,45.0,42.0,90.0,28.86,10.0,6.0,0.0
3,St. Croix,WI,76.0,76.0,65.0,28.97,10.0,12.0,0.0
2,Monroe,NY,55.0,55.0,89.0,29.36,10.0,8.0,0.0
2,Bryan,GA,77.0,77.0,93.0,29.8,10.0,5.0,0.0
3,Weber,UT,66.0,66.0,36.0,25.36,10.0,10.0,0.0
2,Androscoggin,ME,46.0,44.0,100.0,29.66,7.0,5.0,0.01
2,Travis,TX,61.0,61.0,28.0,28.94,10.0,7.0,0.0
2,Davidson,TN,60.0,60.0,27.0,29.38,10.0,5.0,0.0
2,Cleveland,OK,44.0,42.0,73.0,28.83,10.0,5.0,0.0
2,Greenville,SC,39.0,33.0,86.0,29.02,10.0,9.0,0.0
2,Maricopa,AZ,101.0,101.0,26.0,28.24,10.0,7.0,0.0
3,Contra Costa,CA,96.0,96.0,16.0,29.9,10.0,6.0,0.0
3,Harris,TX,80.0,80.0,81.0,29.76,10.0,7.0,0.0
2,Los Angeles,CA,60.0,60.0,67.0,30.0,9.0,3.0,0.0
2,Racine,WI,34.0,29.0,89.0,29.7,10.0,6.0,0.0
2,Dallas,TX,49.0,43.0,90.0,29.35,3.0,16.0,0.02
2,Madera,CA,45.0,45.0,100.0,29.87,0.25,0.0,0.0
2,Travis,TX,92.0,92.0,48.0,29.29,10.0,7.0,0.0
3,New Haven,CT,26.0,14.0,69.0,29.93,7.0,16.0,0.0
2,Riverside,CA,43.0,40.0,77.0,28.56,10.0,5.0,0.0
2,Orange,CA,65.0,65.0,78.0,29.85,4.0,0.0,0.0
2,Chester,PA,45.0,45.0,100.0,29.72,0.0,0.0,0.0
2,Anne Arundel,MD,71.0,71.0,73.0,29.77,6.0,7.0,0.0
2,Los Angeles,CA,53.0,53.0,71.0,29.91,10.0,0.0,0.0
2,Miami-Dade,FL,82.0,82.0,79.0,29.98,10.0,8.0,0.0
2,Montgomery,MD,85.0,85.0,36.0,29.83,10.0,9.0,0.0
2,Butte,CA,59.0,59.0,45.0,29.72,25.0,5.0,0.0
2,Cuyahoga,OH,69.0,69.0,63.0,29.36,10.0,8.0,0.0
2,Maricopa,AZ,112.0,112.0,6.0,28.63,10.0,5.0,0.0
2,Travis,TX,38.0,31.0,62.0,29.17,10.0,9.0,0.0
2,Dinwiddie,VA,44.0,40.0,46.0,29.73,10.0,7.0,0.0
2,Baker,OR,28.0,28.0,88.0,26.31,10.0,0.0,0.0
2,Forrest,MS,73.0,73.0,57.0,29.94,10.0,9.0,0.0
2,Contra Costa,CA,54.0,54.0,90.0,30.13,10.0,3.0,0.0
2,Monroe,NY,76.0,76.0,54.0,29.56,10.0,8.0,0.0
2,Beaufort,SC,77.0,77.0,74.0,30.0,7.0,7.0,0.0
2,Los Angeles,CA,56.0,56.0,80.0,29.9,6.0,3.0,0.0
2,Santa Clara,CA,77.0,77.0,33.0,29.91,10.0,15.0,0.0
2,Marion,FL,90.0,90.0,59.0,30.04,10.0,7.0,0.0
2,Erie,PA,48.0,46.0,86.0,29.01,7.0,5.0,0.01
3,Bucks,PA,54.0,54.0,40.0,29.81,10.0,16.0,0.0
2,Nevada,CA,70.0,70.0,20.0,26.69,10.0,0.0,0.0
2,Los Angeles,CA,67.0,67.0,59.0,29.91,9.0,3.0,0.0
2,Los Angeles,CA,66.0,66.0,10.0,29.37,10.0,21.0,0.0
2,Marion,IN,47.0,43.0,71.0,29.48,10.0,8.0,0.0
2,San Mateo,CA,37.0,37.0,93.0,30.08,10.0,3.0,0.0
2,Franklin,OH,66.0,66.0,63.0,29.27,10.0,9.0,0.0
2,Maricopa,AZ,54.0,54.0,77.0,28.48,10.0,3.0,0.0
2,Monroe,NY,37.0,29.0,93.0,29.23,10.0,13.0,0.01
2,Randolph,IN,70.0,70.0,60.0,28.82,10.0,10.0,0.0
2,Davidson,TN,54.0,54.0,90.0,29.33,4.0,8.0,0.02
2,Horry,SC,86.0,86.0,51.0,29.83,10.0,12.0,0.0
2,Davidson,TN,58.0,58.0,62.0,29.51,10.0,0.0,0.0
3,Cook,IL,36.0,27.0,56.0,29.33,10.0,13.0,0.0
2,Maricopa,AZ,70.0,70.0,15.0,28.77,10.0,6.0,0.0
2,Oklahoma,OK,61.0,61.0,31.0,28.68,10.0,5.0,0.0
2,Orange,FL,59.0,59.0,82.0,29.87,10.0,9.0,0.0
2,Broward,FL,82.0,82.0,82.0,29.88,10.0,10.0,0.0
2,King,WA,68.0,68.0,56.0,30.08,10.0,7.0,0.0
3,Coconino,AZ,27.0,19.0,75.0,23.17,10.0,7.0,0.0
2,Siskiyou,CA,88.0,88.0,16.0,27.21,10.0,5.0,0.0
2,Marion,IN,65.0,65.0,93.0,29.22,10.0,12.0,0.16
2,Laurens,SC,64.0,64.0,88.0,29.3,10.0,7.0,0.0
2,Harris,TX,71.0,71.0,87.0,29.85,6.0,10.0,0.0
2,Wake,NC,82.0,82.0,69.0,29.55,10.0,3.0,0.0
2,Fort Bend,TX,73.0,73.0,98.0,29.7,7.0,14.0,0.0
2,Essex,MA,73.0,73.0,84.0,29.8,10.0,7.0,0.0
2,Hillsborough,FL,84.0,84.0,74.0,29.79,10.0,13.0,0.0
3,Prince William,VA,48.0,46.0,59.0,29.84,10.0,6.0,0.0
3,Bossier,LA,71.0,71.0,28.0,29.99,10.0,13.0,0.0
2,Los Angeles,CA,49.0,49.0,86.0,30.12,7.0,0.0,0.0
2,San Bernardino,CA,51.0,51.0,32.0,28.87,10.0,0.0,0.0
3,Queens,NY,58.0,58.0,65.0,30.3,10.0,0.0,0.0
2,Montgomery,MD,60.0,60.0,96.0,29.53,10.0,5.0,0.04
2,Davidson,TN,76.0,76.0,79.0,29.53,9.0,3.0,0.0
2,Los Angeles,CA,68.0,68.0,65.0,29.65,10.0,7.0,0.0
2,Alameda,CA,90.0,90.0,18.0,29.9,10.0,10.0,0.0
1,Maricopa,AZ,78.0,78.0,15.0,28.73,10.0,3.0,0.0
4,Yamhill,OR,42.0,42.0,76.0,29.92,10.0,0.0,0.0
4,Wilkes,NC,34.0,34.0,100.0,29.02,10.0,0.0,0.0
2,Travis,TX,81.0,81.0,79.0,28.68,10.0,7.0,0.0
3,Clearfield,PA,69.0,69.0,96.0,28.38,3.0,0.0,0.04
2,Multnomah,OR,54.0,54.0,75.0,30.15,10.0,16.0,0.0
2,Travis,TX,56.0,56.0,28.0,29.52,10.0,5.0,0.0
2,Lancaster,PA,36.0,29.0,52.0,29.9,10.0,9.0,0.0
2,Orange,FL,87.0,87.0,28.0,30.04,10.0,7.0,0.0
2,Horry,SC,77.0,77.0,84.0,29.92,10.0,0.0,0.0
2,Nassau,NY,31.0,23.0,64.0,29.81,10.0,8.0,0.0
2,San Bernardino,CA,48.0,46.0,80.0,29.14,10.0,5.0,0.0
3,Bucks,PA,75.0,75.0,89.0,29.37,10.0,12.0,0.0
2,San Bernardino,CA,84.0,84.0,40.0,28.72,3.0,9.0,0.0
2,Miami-Dade,FL,83.0,83.0,79.0,29.94,10.0,8.0,0.0
2,Butte,CA,51.0,51.0,63.0,29.6,10.0,3.0,0.0
3,James City,VA,53.0,53.0,100.0,30.13,3.0,0.0,0.0
2,Tulare,CA,54.0,54.0,75.0,29.48,6.0,3.0,0.0
2,Monroe,NY,49.0,45.0,66.0,29.34,10.0,9.0,0.0
3,Contra Costa,CA,52.0,52.0,66.0,29.92,10.0,10.0,0.0
2,Lexington,SC,37.0,29.8,93.0,30.19,10.0,10.4,0.0
3,Dallas,TX,44.0,39.0,85.0,29.38,4.0,9.0,0.08
2,Hillsborough,FL,71.0,71.0,93.0,30.04,10.0,5.0,0.0
2,Miami-Dade,FL,89.0,89.0,70.0,29.99,10.0,13.0,0.0
2,Orangeburg,SC,79.0,79.0,77.0,29.7,10.0,0.0,0.0
2,Spartanburg,SC,63.0,63.0,88.0,29.34,10.0,0.0,0.0
3,Newport News,VA,87.0,87.0,42.0,30.07,10.0,6.0,0.0
2,Lake,FL,89.0,89.0,67.0,29.86,10.0,6.0,0.0
2,Denver,CO,23.0,7.6,88.0,30.09,1.5,21.9,0.0
2,Orange,CA,73.0,73.0,59.0,29.86,10.0,7.0,0.0
2,Sonoma,CA,46.0,42.0,96.0,29.96,7.0,7.0,0.04
2,Queens,NY,87.0,87.0,41.0,30.18,10.0,3.0,0.0
3,Stearns,MN,29.3,20.8,96.0,30.01,1.0,9.2,0.02
2,Wake,NC,39.0,35.0,73.0,29.53,10.0,6.0,0.0
3,Bucks,PA,77.0,77.0,44.0,29.69,10.0,8.0,0.0
2,Alameda,CA,57.0,57.0,83.0,30.09,10.0,7.0,0.0
2,Chester,PA,59.0,59.0,100.0,29.3,7.0,8.0,0.0
2,Henrico,VA,37.0,37.0,93.0,30.03,4.0,3.0,0.0
2,Snohomish,WA,66.0,66.0,47.0,29.91,10.0,0.0,0.0
2,Greenville,SC,49.0,49.0,44.0,28.95,10.0,0.0,0.0
2,Darlington,SC,37.0,29.8,82.0,30.06,9.0,10.4,0.03
2,Dorchester,SC,75.0,75.0,83.0,29.92,10.0,0.0,0.0
3,Cook,IL,18.0,10.0,65.0,29.8,10.0,6.0,0.0
2,Santa Clara,CA,80.0,80.0,50.0,29.78,10.0,14.0,0.0
2,Mecklenburg,NC,54.0,54.0,90.0,28.95,10.0,3.0,0.0
2,San Bernardino,CA,57.0,57.0,38.0,28.78,10.0,0.0,0.0
2,East Baton Rouge,LA,74.0,74.0,24.0,30.03,10.0,10.0,0.0
2,Davidson,TN,77.0,77.0,74.0,29.3,10.0,3.0,0.0
2,Hennepin,MN,29.0,18.0,89.0,28.52,0.25,14.0,0.01
2,Tulsa,OK,84.0,84.0,35.0,29.35,10.0,5.0,0.0
2,Tulsa,OK,74.0,74.0,68.0,29.1,10.0,10.0,0.0
2,Santa Cruz,CA,51.0,51.0,61.0,30.0,10.0,3.0,0.0
2,Fayette,KY,71.0,71.0,100.0,28.85,10.0,10.0,0.0
2,Sarasota,FL,83.0,83.0,67.0,29.83,10.0,12.0,0.0
2,Freeborn,MN,23.0,11.0,93.0,28.17,0.75,14.0,0.0
3,Montgomery,PA,51.0,51.0,50.0,30.07,10.0,7.0,0.0
2,Kern,CA,70.0,70.0,28.0,29.29,10.0,7.0,0.0
3,Broward,FL,85.0,85.0,69.0,30.04,10.0,8.0,0.0
2,Los Angeles,CA,75.0,75.0,64.0,29.69,10.0,0.0,0.0
2,Frederick,MD,39.0,36.0,70.0,29.83,10.0,5.0,0.0
2,Anoka,MN,25.0,15.0,86.0,28.76,10.0,10.0,0.0
2,Dallas,TX,79.0,79.0,84.0,29.42,10.0,9.0,0.0
2,Onondaga,NY,76.0,76.0,82.0,29.43,5.0,6.0,0.11
2,Sarpy,NE,45.7,42.7,56.0,29.75,10.0,5.8,0.0
2,Salt Lake,UT,80.0,80.0,20.0,25.6,10.0,23.0,0.0
2,Santa Barbara,CA,57.0,57.0,82.0,29.5,10.0,7.0,0.0
2,Orange,FL,82.0,82.0,54.0,29.98,10.0,9.0,0.0
2,Tulsa,OK,84.0,84.0,58.0,29.09,10.0,5.0,0.0
2,Los Angeles,CA,72.0,72.0,55.0,29.75,10.0,0.0,0.0
2,Los Angeles,CA,82.0,82.0,52.0,29.65,10.0,0.0,0.0
3,Snohomish,WA,50.0,50.0,83.0,29.35,10.0,12.0,0.0
3,Dallas,TX,99.0,99.0,37.0,29.54,10.0,8.0,0.0
2,Los Angeles,CA,59.0,59.0,38.0,29.8,10.0,3.0,0.0
2,Multnomah,OR,69.0,69.0,44.0,30.01,10.0,3.0,0.0
2,Mecklenburg,NC,36.0,28.0,43.0,29.65,10.0,10.0,0.0
3,Bergen,NJ,54.0,54.0,30.0,29.86,10.0,18.0,0.0
2,Siskiyou,CA,34.0,27.0,89.0,26.03,1.0,9.0,0.05
2,Chilton,AL,74.0,74.0,97.0,29.32,7.0,3.0,0.03
2,San Bernardino,CA,73.0,73.0,50.0,28.71,7.0,0.0,0.0
2,Hennepin,MN,68.0,68.0,87.0,29.06,10.0,15.0,0.0
2,Miami-Dade,FL,72.0,72.0,55.0,30.16,10.0,12.0,0.0
2,Marion,FL,81.0,81.0,77.0,29.88,10.0,8.0,0.0
2,Kane,IL,27.0,16.0,80.0,28.88,10.0,12.0,0.0
1,Wake,NC,76.0,76.0,50.0,29.1,10.0,18.0,0.0
2,Lafayette,LA,42.0,35.0,70.0,30.36,10.0,14.0,0.0
2,Nassau,NY,49.0,45.0,77.0,29.72,10.0,10.0,0.0
3,Johnson,KS,30.0,21.0,64.0,28.79,10.0,12.0,0.0
2,Broward,FL,81.0,81.0,60.0,30.01,10.0,10.0,0.0
3,Autauga,AL,92.0,92.0,44.0,29.67,10.0,7.0,0.0
2,Tillamook,OR,61.0,61.0,94.0,29.99,10.0,6.0,0.0
2,Escambia,FL,64.0,64.0,30.0,30.25,10.0,12.0,0.0
3,Montgomery,MD,42.0,37.0,92.0,30.32,2.0,8.0,0.08
3,Los Angeles,CA,63.0,63.0,81.0,29.69,10.0,0.0,0.0
2,Queens,NY,68.0,68.0,65.0,30.17,10.0,9.0,0.0
2,San Bernardino,CA,84.0,84.0,25.0,28.65,7.0,3.0,0.0
2,Leon,FL,33.0,33.0,89.0,30.25,10.0,0.0,0.0
2,Maricopa,AZ,96.0,96.0,7.0,28.71,10.0,3.0,0.0
2,Kern,CA,45.0,40.0,86.0,29.53,4.0,9.0,0.0
2,Steele,MN,27.0,21.0,93.0,28.97,1.0,5.0,0.01
2,Tarrant,TX,48.0,46.0,96.0,29.33,2.0,6.0,0.0
2,Spartanburg,SC,69.0,69.0,92.0,29.06,10.0,0.0,0.0
2,Wake,NC,61.0,61.0,88.0,29.4,7.0,6.0,0.0
2,Lancaster,SC,52.0,52.0,82.0,30.02,10.0,0.0,0.0
3,Alameda,CA,54.0,54.0,75.0,29.81,10.0,10.0,0.0
3,Richmond City,VA,84.0,84.0,67.0,29.8,10.0,14.0,0.0
2,Houston,AL,53.0,53.0,69.0,29.69,10.0,6.0,0.0
2,Travis,TX,72.0,72.0,23.0,29.43,10.0,7.0,0.0
2,Alameda,CA,60.0,60.0,75.0,29.81,10.0,18.0,0.0
2,Bronx,NY,75.0,75.0,31.0,30.2,10.0,9.0,0.0
2,Queens,NY,47.0,43.0,59.0,30.13,10.0,9.0,0.0
2,Davidson,TN,65.0,65.0,33.0,29.37,10.0,8.0,0.0
2,New York,NY,72.0,72.0,93.0,30.01,7.0,6.0,0.0
2,Middlesex,NJ,45.0,45.0,97.0,29.96,4.0,0.0,0.07
2,Travis,TX,36.0,36.0,89.0,29.8,10.0,0.0,0.0
3,Utah,UT,30.2,21.9,93.0,30.12,1.0,9.2,0.01
2,Los Angeles,CA,88.0,88.0,21.0,29.69,10.0,0.0,0.0
3,Orange,CA,66.0,66.0,65.0,29.91,10.0,0.0,0.0
3,Davidson,TN,75.0,75.0,62.0,29.44,10.0,6.0,0.0
2,Queens,NY,24.0,14.0,77.0,30.16,10.0,10.0,0.0
2,Anoka,MN,21.0,21.0,42.0,29.19,10.0,3.0,0.0
2,Maricopa,AZ,64.0,64.0,16.0,28.5,10.0,7.0,0.0
2,Palm Beach,FL,86.0,86.0,49.0,29.95,10.0,14.0,0.0
3,Wayne,MI,21.0,11.4,78.0,30.29,1.5,8.1,0.0
2,San Bernardino,CA,66.0,66.0,22.0,29.0,10.0,5.0,0.0
2,Stanislaus,CA,52.0,52.0,86.0,30.11,10.0,5.0,0.0
3,Dallas,TX,64.0,64.0,71.0,29.33,10.0,3.0,0.0
2,Miami-Dade,FL,74.0,74.0,71.0,30.11,10.0,5.0,0.0
3,Orleans,LA,53.0,53.0,86.0,30.07,4.0,12.0,0.07
3,Hillsborough,FL,86.0,86.0,66.0,29.91,10.0,0.0,0.0
2,Wilson,TN,67.0,67.0,81.0,28.89,10.0,14.0,0.0
3,Kenton,KY,16.0,1.1,54.0,30.25,10.0,15.0,0.0
3,Providence,RI,67.0,67.0,97.0,29.97,5.0,12.0,0.02
2,Hamilton,OH,71.0,71.0,93.0,29.19,6.0,9.0,0.09
2,Davidson,TN,67.0,67.0,49.0,29.36,10.0,23.0,0.0
2,Pasco,FL,55.0,55.0,72.0,30.08,10.0,3.0,0.0
2,Warren,VA,30.0,30.0,100.0,29.39,5.0,0.0,0.0
2,Los Angeles,CA,59.0,59.0,36.0,29.98,10.0,0.0,0.0
3,Lake,IL,48.0,48.0,61.0,29.58,10.0,0.0,0.0
2,Broward,FL,82.0,82.0,58.0,30.12,10.0,15.0,0.0
2,Tulsa,OK,62.0,62.0,78.0,29.13,9.0,0.0,0.0
2,San Mateo,CA,42.0,42.0,89.0,30.12,10.0,3.0,0.0
2,Hanover,VA,70.0,70.0,90.0,29.94,7.0,6.0,0.0
3,Jackson,MO,3.0,-8.0,69.0,30.41,10.0,5.8,0.0
2,Dallas,TX,78.0,78.0,76.0,29.39,10.0,9.0,0.0
2,Maricopa,AZ,108.0,108.0,9.0,28.52,10.0,9.0,0.0
2,Lake,IL,56.0,56.0,60.0,29.28,10.0,10.0,0.0
2,Greenville,SC,72.0,72.0,71.0,29.2,10.0,13.0,0.0
2,Santa Barbara,CA,47.0,47.0,93.0,29.81,7.0,3.0,0.0
2,Los Angeles,CA,69.0,69.0,63.0,29.74,8.0,9.0,0.0
2,Santa Barbara,CA,62.0,62.0,52.0,30.0,10.0,7.0,0.0
2,Mecklenburg,NC,73.0,73.0,94.0,29.29,5.0,0.0,0.0
3,Polk,FL,77.0,77.0,88.0,29.81,10.0,3.0,0.0
3,DeKalb,GA,67.0,67.0,54.0,28.93,10.0,3.0,0.0
3,Fulton,GA,74.0,74.0,91.0,29.21,10.0,5.0,0.0
2,Hillsborough,FL,72.0,72.0,100.0,30.09,2.0,5.0,0.0
3,Kings,NY,45.0,41.0,48.0,30.1,7.0,7.0,0.0
2,Los Angeles,CA,71.0,71.0,32.0,30.02,10.0,0.0,0.0
3,Harris,TX,81.0,81.0,82.0,29.85,10.0,7.0,0.0
2,King,WA,45.0,40.1,97.0,30.29,10.0,9.2,0.01
2,Duval,FL,53.0,53.0,83.0,30.07,10.0,6.0,0.0
2,Fulton,GA,73.0,73.0,51.0,28.98,10.0,9.0,0.0
2,Miami-Dade,FL,71.0,71.0,93.0,29.98,10.0,3.0,0.0
2,Marin,CA,63.0,63.0,59.0,30.05,10.0,12.0,0.0
2,East Baton Rouge,LA,52.0,52.0,86.0,29.99,10.0,7.0,0.0
2,Onondaga,NY,60.0,60.0,55.0,29.69,10.0,14.0,0.0
2,Dallas,TX,64.0,64.0,59.0,29.36,10.0,10.0,0.0
2,Jefferson,CO,27.0,17.0,100.0,24.37,2.0,10.0,0.0
2,Dutchess,NY,34.0,31.0,96.0,29.56,1.8,3.5,0.06
2,Wake,NC,92.0,92.0,59.0,29.72,10.0,9.0,0.0
2,King,WA,39.0,36.8,96.0,29.53,10.0,3.5,0.01
2,Pinellas,FL,75.0,75.0,51.0,30.0,10.0,8.0,0.0
2,Washington,TN,59.0,59.0,64.0,28.64,10.0,3.0,0.0
2,Tulsa,OK,53.0,53.0,74.0,29.32,10.0,16.0,0.0
2,Davidson,TN,74.0,74.0,82.0,29.5,10.0,0.0,0.0
2,Davidson,TN,53.0,53.0,40.0,29.67,10.0,8.0,0.0
2,Jackson,MO,37.0,27.0,37.0,29.41,10.0,20.0,0.0
2,San Joaquin,CA,41.0,41.0,93.0,30.32,2.0,0.0,0.0
2,Miami-Dade,FL,84.0,84.0,72.0,29.94,10.0,14.0,0.0
2,Newberry,SC,79.0,79.0,54.0,29.4,10.0,8.0,0.0
2,San Mateo,CA,57.0,57.0,88.0,30.03,10.0,0.0,0.0
2,East Baton Rouge,LA,55.0,55.0,93.0,30.08,10.0,6.0,0.0
3,Cuyahoga,OH,77.0,77.0,37.0,29.01,10.0,16.0,0.0
2,Montgomery,PA,30.0,30.0,88.0,29.63,8.0,0.0,0.0
3,Seminole,FL,83.0,83.0,67.0,29.91,10.0,9.0,0.0
2,Madison,AL,84.0,84.0,53.0,29.26,10.0,8.0,0.0
2,Westchester,NY,29.0,29.0,92.0,29.65,4.0,0.0,0.0
2,Maricopa,AZ,61.0,61.0,24.0,28.95,10.0,5.0,0.0
2,Riverside,CA,54.0,54.0,77.0,29.29,9.0,0.0,0.0
2,Kern,CA,86.0,86.0,35.0,29.43,9.0,0.0,0.0
2,Union,SC,70.0,70.0,100.0,29.39,5.0,3.0,0.0
2,Fairfield,CT,57.0,57.0,18.0,30.3,10.0,20.0,0.0
2,Montgomery,PA,26.1,12.0,60.0,29.71,2.5,20.7,0.0
2,Jackson,OR,60.0,60.0,86.0,28.66,10.0,0.0,0.0
3,Montgomery,PA,40.0,36.0,100.0,29.75,5.0,6.0,0.04
2,Pinellas,FL,77.0,77.0,90.0,29.84,10.0,7.0,0.0
2,Orleans,LA,46.0,40.0,39.0,30.29,10.0,14.0,0.0
2,Tarrant,TX,63.0,63.0,100.0,29.09,4.0,10.0,0.0
3,Fulton,GA,63.0,63.0,84.0,28.41,10.0,16.0,0.0
2,Alameda,CA,56.0,56.0,32.0,30.06,10.0,0.0,0.0
3,Forsyth,NC,69.0,69.0,30.0,29.0,10.0,12.0,0.0
2,Richmond,GA,86.0,86.0,72.0,29.81,4.0,3.0,0.0
3,Chester,PA,46.0,42.0,100.0,29.33,2.0,9.0,0.15
2,Williamson,TX,47.0,43.0,83.0,29.35,10.0,9.0,0.0
2,Wasco,OR,42.0,36.0,62.0,29.87,10.0,10.0,0.0
2,Ulster,NY,23.0,23.0,78.0,30.18,10.0,0.0,0.0
2,Sarpy,NE,29.0,20.0,68.0,29.34,10.0,10.0,0.0
2,Mecklenburg,NC,46.0,40.0,58.0,29.24,10.0,13.0,0.0
2,San Bernardino,CA,48.0,48.0,67.0,28.81,10.0,0.0,0.0
3,Lake,IL,79.0,79.0,50.0,28.91,10.0,16.0,0.0
2,DuPage,IL,19.0,19.0,88.0,29.58,4.0,0.0,0.0
2,Richland,SC,54.0,54.0,84.0,29.71,10.0,10.0,0.01
1,El Paso,TX,60.0,60.0,35.0,26.01,10.0,5.0,0.0
2,Travis,TX,67.0,67.0,54.0,29.48,10.0,0.0,0.0
2,Kern,CA,49.0,49.0,86.0,29.71,8.0,3.0,0.0
2,Boone,IA,70.0,70.0,68.0,28.7,10.0,8.0,0.0
2,Bucks,PA,70.0,70.0,36.0,30.14,8.0,3.0,0.0
2,Duval,FL,37.0,32.0,67.0,30.24,10.0,7.0,0.0
3,Bexar,TX,90.0,90.0,45.0,29.1,10.0,6.0,0.0
3,Erie,NY,23.0,9.0,85.0,28.78,1.0,17.0,0.0
2,Tulare,CA,72.0,72.0,55.0,29.65,10.0,0.0,0.0
2,Fresno,CA,60.0,60.0,60.0,29.87,10.0,10.0,0.0
2,Broward,FL,84.0,84.0,76.0,29.82,10.0,15.0,0.0
2,Florence,SC,73.0,73.0,88.0,29.98,10.0,6.0,0.0
2,Santa Clara,CA,72.0,72.0,64.0,29.86,10.0,12.0,0.0
3,Clark,OH,16.0,0.0,86.0,28.74,4.0,17.0,0.0
3,Jackson,MO,79.0,79.0,44.0,29.36,10.0,0.0,0.0
2,Wagoner,OK,67.0,67.0,93.0,29.36,10.0,3.0,0.0
2,Denver,CO,28.0,28.0,68.0,24.35,10.0,0.0,0.0
1,King,WA,59.0,59.0,42.0,30.2,10.0,10.0,0.0
2,Westchester,NY,32.0,23.0,100.0,29.59,0.2,11.5,0.03
2,Campbell,KY,53.0,53.0,47.0,29.75,10.0,0.0,0.0
3,Denver,CO,25.0,25.0,74.0,24.39,10.0,0.0,0.0
2,Duval,FL,56.0,56.0,80.0,30.41,10.0,14.0,0.0
2,Pima,AZ,63.0,63.0,22.0,27.23,10.0,7.0,0.0
3,Dallas,TX,84.0,84.0,56.0,29.41,10.0,7.0,0.0
2,Cherokee,GA,63.0,63.0,90.0,28.87,4.0,14.0,0.0
2,San Bernardino,CA,77.0,77.0,28.0,28.81,7.0,8.0,0.0
3,Utah,UT,32.0,26.0,93.0,25.34,4.0,7.0,0.0
2,Oklahoma,OK,79.0,79.0,84.0,28.58,10.0,10.0,0.0
2,Lexington,SC,90.0,90.0,55.0,29.77,10.0,0.0,0.0
2,San Bernardino,CA,54.0,54.0,41.0,28.93,10.0,0.0,0.0
2,Buncombe,NC,77.0,77.0,69.0,27.84,10.0,3.0,0.01
3,Queens,NY,27.0,18.0,49.0,30.41,10.0,9.0,0.0
2,San Diego,CA,66.0,66.0,70.0,29.59,10.0,0.0,0.0
2,Davidson,TN,81.0,81.0,54.0,29.34,10.0,6.0,0.0
2,Mecklenburg,NC,78.0,78.0,84.0,29.16,10.0,7.0,0.0
3,King,WA,46.0,46.0,96.0,29.99,0.5,0.0,0.0
3,Lamar,MS,47.0,41.0,90.0,30.06,10.0,15.0,0.0
3,Kitsap,WA,52.0,52.0,97.0,29.54,10.0,5.0,0.0
2,Fairfield,CT,71.0,71.0,87.0,29.5,10.0,0.0,0.0
2,Onondaga,NY,68.0,68.0,47.0,29.53,10.0,10.0,0.0
3,Collin,TX,79.0,79.0,61.0,29.11,10.0,3.0,0.0
3,Bronx,NY,78.0,78.0,66.0,30.08,10.0,9.0,0.0
3,Fulton,GA,84.0,84.0,58.0,29.15,10.0,9.0,0.0
2,San Francisco,CA,58.0,58.0,75.0,29.93,10.0,5.0,0.0
3,Greenville,SC,71.0,71.0,93.0,28.86,10.0,0.0,0.0
2,Cook,IL,69.0,69.0,81.0,29.35,10.0,5.0,0.0
3,Washington,WI,32.0,25.6,100.0,29.88,0.5,6.9,0.03
2,Kern,CA,46.0,44.0,68.0,29.9,10.0,5.0,0.0
3,Bexar,TX,79.0,79.0,77.0,29.09,10.0,18.0,0.0
4,Cook,IL,76.0,76.0,58.0,29.53,10.0,9.0,0.0
2,Weber,UT,47.0,44.0,52.0,25.43,10.0,7.0,0.0
3,Los Angeles,CA,85.0,85.0,14.0,29.75,10.0,6.0,0.0
1,Maricopa,AZ,101.0,101.0,8.0,28.59,10.0,0.0,0.0
3,Broward,FL,80.0,80.0,64.0,30.02,10.0,15.0,0.0
2,San Diego,CA,61.0,61.0,70.0,29.71,10.0,6.0,0.0
2,Oconee,SC,39.0,39.0,96.0,28.94,2.0,0.0,0.02
2,Oakland,MI,63.0,63.0,93.0,28.98,5.0,6.0,0.0
2,Harris,TX,84.0,84.0,47.0,29.95,10.0,9.0,0.0
2,Mecklenburg,NC,97.0,97.0,40.0,29.2,10.0,6.0,0.0
3,Queens,NY,70.0,70.0,55.0,29.71,10.0,12.0,0.0
3,Greenville,SC,59.0,59.0,96.0,29.08,10.0,0.0,0.0
2,Mecklenburg,NC,46.0,42.5,89.0,29.79,2.0,6.9,0.02
2,Cherokee,SC,61.0,61.0,75.0,29.29,10.0,0.0,0.0
2,Tulsa,OK,55.0,55.0,89.0,29.1,10.0,10.0,0.0
2,East Baton Rouge,LA,65.0,65.0,50.0,30.0,10.0,6.0,0.0
4,Westmoreland,PA,75.0,75.0,37.0,28.49,10.0,21.0,0.0
2,Montgomery,AL,86.0,86.0,52.0,29.86,10.0,10.0,0.0
2,Le Sueur,MN,17.0,9.0,77.0,29.06,10.0,6.0,0.0
3,Orange,CA,63.0,63.0,78.0,29.96,9.0,5.0,0.0
2,Santa Rosa,FL,76.0,76.0,85.0,30.01,10.0,6.0,0.0
3,Limestone,AL,75.0,75.0,90.0,29.39,10.0,6.0,0.0
1,Brevard,FL,76.0,76.0,54.0,30.05,10.0,14.0,0.0
2,Rockland,NY,61.0,61.0,90.0,29.75,6.0,5.0,0.0
2,Nassau,NY,44.1,37.7,79.0,30.28,10.0,12.7,0.0
2,Butler,OH,40.0,40.0,97.0,29.58,9.0,0.0,0.0
2,Santa Rosa,FL,81.0,81.0,64.0,29.92,10.0,9.0,0.0
2,Multnomah,OR,56.0,56.0,64.0,30.26,10.0,6.0,0.01
3,Wake,NC,33.0,33.0,85.0,29.59,10.0,0.0,0.0
2,DuPage,IL,37.0,27.4,86.0,29.75,10.0,17.3,0.0
2,Solano,CA,41.0,41.0,89.0,29.92,10.0,0.0,0.0
2,Hinds,MS,53.0,53.0,61.0,29.9,10.0,0.0,0.0
2,Talbot,MD,58.0,58.0,96.0,29.42,10.0,12.0,0.01
2,Manatee,FL,76.0,76.0,87.0,30.07,10.0,7.0,0.0
2,Hartford,CT,25.0,19.3,92.0,29.86,6.0,4.6,0.0
1,Davidson,TN,85.0,85.0,48.0,29.27,10.0,7.0,0.0
2,Hennepin,MN,-8.0,-8.0,79.0,29.79,9.0,0.0,0.0
2,Fillmore,MN,32.0,24.0,71.0,28.91,10.0,9.0,0.0
2,Palm Beach,FL,76.0,76.0,91.0,29.92,10.0,16.0,0.01
2,Maricopa,AZ,66.0,66.0,84.0,28.75,10.0,3.0,0.0
3,Martin,FL,75.0,75.0,89.0,29.93,10.0,0.0,0.0
2,Montgomery,TX,63.0,63.0,78.0,29.72,10.0,6.0,0.0
2,Kent,MD,40.0,40.0,97.0,30.27,10.0,0.0,0.0
2,East Baton Rouge,LA,84.0,84.0,82.0,29.92,10.0,5.0,0.0
3,King,WA,44.0,39.0,58.0,30.36,10.0,10.0,0.0
2,Blount,AL,84.0,84.0,63.0,29.33,10.0,5.0,0.0
4,Burlington,NJ,86.0,86.0,40.0,30.19,10.0,0.0,0.0
3,Philadelphia,PA,46.0,40.0,28.0,30.15,10.0,15.0,0.0
2,Placer,CA,30.0,30.0,75.0,24.19,10.0,0.0,0.0
2,Hennepin,MN,35.0,26.0,70.0,29.08,10.0,13.0,0.0
2,Madison,AL,40.8,35.6,96.0,30.18,1.2,8.1,0.07
2,Durham,NC,82.0,82.0,71.0,29.56,10.0,8.0,0.0
3,Multnomah,OR,77.0,77.0,45.0,29.95,10.0,0.0,0.0
2,Wake,NC,50.0,50.0,57.0,29.85,10.0,3.0,0.0
2,Greenville,SC,62.0,62.0,93.0,29.07,10.0,6.0,0.0
2,Chester,PA,36.0,36.0,100.0,28.98,0.75,0.0,0.0
2,Wake,NC,73.0,73.0,90.0,29.07,10.0,9.0,0.0
2,Salt Lake,UT,31.0,25.0,89.0,25.87,10.0,6.0,0.0
2,Monterey,CA,55.0,55.0,72.0,29.9,10.0,14.0,0.0
2,Miami-Dade,FL,53.0,53.0,71.0,30.14,10.0,9.0,0.0
2,Monroe,NY,32.0,21.2,79.0,29.59,1.5,16.1,0.0
3,Tarrant,TX,43.0,37.0,68.0,29.41,10.0,10.0,0.0
3,Ramsey,MN,78.0,78.0,33.0,29.01,10.0,17.0,0.0
2,Los Angeles,CA,59.0,59.0,64.0,30.02,10.0,0.0,0.0
3,Pueblo,CO,27.0,27.0,92.0,25.39,10.0,0.0,0.0
2,Hartford,CT,34.0,34.0,96.0,29.88,0.25,0.0,0.0
2,Spartanburg,SC,52.0,52.0,100.0,28.94,7.0,3.0,0.0
2,Lake,IL,54.0,54.0,38.0,29.25,10.0,12.0,0.0
2,Howard,MD,43.0,38.0,80.0,29.57,10.0,9.0,0.0
2,Richmond City,VA,34.0,34.0,92.0,29.97,10.0,0.0,0.0
2,Camden,NJ,45.0,39.0,82.0,30.11,7.0,13.0,0.06
2,Caddo,LA,73.0,73.0,78.0,29.75,10.0,5.0,0.0
2,Dorchester,SC,52.0,52.0,100.0,29.94,10.0,0.0,0.0
2,Los Angeles,CA,64.0,64.0,65.0,29.7,10.0,0.0,0.0
2,San Diego,CA,63.0,63.0,60.0,29.8,10.0,7.0,0.0
3,Wayne,MI,28.0,19.0,88.0,28.76,7.0,9.0,0.0
2,Oklahoma,OK,71.0,71.0,44.0,28.55,10.0,5.0,0.0
2,Marion,FL,77.0,77.0,90.0,29.9,10.0,0.0,0.0
3,Prince William,VA,80.0,80.0,54.0,29.57,10.0,5.0,0.0
2,Multnomah,OR,45.0,45.0,86.0,30.03,10.0,3.0,0.0
2,Hillsborough,FL,79.0,79.0,54.0,30.01,10.0,3.0,0.0
2,Davidson,TN,84.0,84.0,69.0,29.35,10.0,7.0,0.0
2,Utah,UT,39.0,31.0,34.0,25.51,10.0,13.0,0.0
2,Harris,TX,64.0,64.0,78.0,30.04,10.0,18.0,0.0
2,Jefferson,KY,53.0,53.0,83.0,29.27,1.0,5.0,0.03
2,Suffolk,NY,44.0,44.0,76.0,30.16,10.0,0.0,0.0
2,Richmond City,VA,57.0,57.0,74.0,29.64,10.0,7.0,0.0
1,Cuyahoga,OH,64.0,64.0,31.0,28.97,10.0,20.0,0.0
2,King,WA,51.0,51.0,71.0,29.89,7.0,7.0,0.0
2,Marion,IN,48.0,45.0,80.0,28.92,10.0,7.0,0.0
2,Botetourt,VA,37.0,28.0,39.0,29.1,10.0,15.0,0.0
2,Wake,NC,73.0,73.0,61.0,29.59,10.0,13.0,0.0
2,King,WA,55.0,55.0,89.0,29.85,9.0,8.0,0.0
2,Los Angeles,CA,56.0,56.0,80.0,29.9,5.0,3.0,0.0
2,Pasco,FL,63.0,63.0,90.0,29.88,10.0,16.0,0.0
3,Philadelphia,PA,46.0,46.0,51.0,29.92,10.0,3.0,0.0
2,Oklahoma,OK,37.0,33.0,67.0,28.81,10.0,5.0,0.0
3,Pulaski,AR,76.0,76.0,62.0,29.54,10.0,14.0,0.0
2,Los Angeles,CA,76.0,76.0,62.0,29.85,10.0,5.0,0.0
2,Tulare,CA,48.0,46.0,77.0,29.75,10.0,5.0,0.0
2,Los Angeles,CA,71.0,71.0,81.0,29.76,10.0,5.0,0.0
2,King,WA,54.0,54.0,80.0,29.98,10.0,3.0,0.0
3,Solano,CA,58.0,58.0,75.0,29.91,10.0,12.0,0.0
2,Davidson,TN,76.0,76.0,85.0,29.38,10.0,3.0,0.0
2,Contra Costa,CA,55.0,55.0,72.0,30.05,10.0,6.0,0.0
2,Prince George's,MD,39.0,33.0,43.0,29.72,10.0,9.0,0.0
2,Hunterdon,NJ,27.0,27.0,72.0,29.95,10.0,0.0,0.0
1,Sonoma,CA,47.0,47.0,93.0,29.91,9.0,0.0,0.0
2,Mecklenburg,NC,24.0,13.0,60.0,29.62,10.0,12.0,0.0
3,Weld,CO,74.0,74.0,13.0,24.7,10.0,5.0,0.0
3,Harris,TX,80.0,80.0,30.0,30.15,10.0,9.0,0.0
2,Deschutes,OR,30.0,25.0,80.0,26.59,9.0,5.0,0.0
2,Collin,TX,68.0,68.0,60.0,29.26,10.0,7.0,0.0
2,Montgomery,PA,72.0,72.0,44.0,29.8,10.0,16.0,0.0
2,Merced,CA,79.0,79.0,30.0,29.66,10.0,8.0,0.0
3,Orange,FL,77.0,77.0,94.0,29.82,10.0,7.0,0.0
2,Fairfield,CT,52.0,52.0,93.0,29.83,4.0,12.0,0.11
2,Washington,MD,53.0,53.0,66.0,29.29,10.0,6.0,0.0
2,Orleans,LA,64.0,64.0,46.0,30.17,10.0,6.0,0.0
2,District of Columbia,DC,60.0,60.0,78.0,29.98,10.0,7.0,0.0
2,Marion,IN,38.0,31.0,93.0,28.83,5.0,10.0,0.0
3,Eaton,MI,34.0,23.0,89.0,29.54,0.5,18.4,0.03
3,Spartanburg,SC,36.0,36.0,93.0,29.33,10.0,0.0,0.0
3,Fulton,GA,41.0,35.0,89.0,29.32,10.0,10.0,0.02
2,Stanislaus,CA,47.0,47.0,83.0,30.28,9.0,3.0,0.0
2,Lexington,SC,45.0,41.0,60.0,30.05,8.0,7.0,0.02
2,Los Angeles,CA,58.0,58.0,70.0,29.2,10.0,6.0,0.0
2,Loudoun,VA,40.0,36.0,49.0,29.7,10.0,6.0,0.0
2,Los Angeles,CA,55.0,55.0,51.0,30.02,10.0,3.0,0.0
2,Pacific,WA,51.0,51.0,92.0,30.11,3.0,3.0,0.04
2,Sonoma,CA,34.0,34.0,100.0,30.03,0.25,0.0,0.0
2,Adams,CO,41.0,38.0,61.0,24.26,10.0,6.0,0.0
2,Broward,FL,80.0,80.0,94.0,30.01,10.0,0.0,0.0
2,Los Angeles,CA,83.0,83.0,9.0,29.06,10.0,0.0,0.0
2,Suffolk,VA,71.0,71.0,98.0,30.1,1.0,0.0,0.12
2,Los Angeles,CA,59.0,59.0,26.0,29.87,10.0,0.0,0.0
3,Douglas,NE,48.0,48.0,91.0,28.9,7.0,0.0,0.0
2,San Diego,CA,49.0,49.0,86.0,29.72,10.0,0.0,0.0
2,Douglas,NE,35.0,26.0,34.0,28.91,10.0,15.0,0.0
2,Palm Beach,FL,81.0,81.0,79.0,29.86,10.0,13.0,0.0
2,Los Angeles,CA,65.0,65.0,78.0,29.86,6.0,0.0,0.0
2,Mecklenburg,NC,66.0,66.0,70.0,29.23,10.0,0.0,0.0
2,Montgomery,PA,75.0,75.0,42.0,30.01,10.0,6.0,0.0
2,Umatilla,OR,36.0,32.0,76.0,28.61,10.0,5.0,0.0
2,Maricopa,AZ,110.0,110.0,18.0,28.51,10.0,20.0,0.0
2,Wake,NC,35.0,31.0,59.0,29.64,10.0,5.0,0.0
2,Hamilton,TN,59.0,59.0,35.0,29.34,10.0,8.0,0.0
2,Los Angeles,CA,56.0,56.0,51.0,29.7,10.0,0.0,0.0
2,Okaloosa,FL,53.0,53.0,83.0,29.75,10.0,6.0,0.0
2,Travis,TX,44.0,44.0,82.0,29.47,10.0,0.0,0.0
3,Sacramento,CA,81.0,81.0,18.0,29.95,10.0,6.0,0.0
2,Los Angeles,CA,67.0,67.0,81.0,29.81,7.0,0.0,0.0
2,Salt Lake,UT,83.0,83.0,26.0,25.83,10.0,6.0,0.0
2,Linn,OR,63.0,63.0,67.0,29.74,10.0,3.0,0.0
2,Riverside,CA,79.0,79.0,32.0,29.39,10.0,9.0,0.0
2,Travis,TX,82.0,82.0,29.0,28.69,10.0,6.0,0.0
2,Travis,TX,61.0,61.0,70.0,29.35,10.0,8.0,0.0
1,Orange,FL,70.0,70.0,87.0,29.81,4.0,16.0,0.06
2,Washington,MN,36.0,28.0,81.0,29.08,10.0,10.0,0.0
2,Bexar,TX,66.0,66.0,26.0,29.61,10.0,3.0,0.0
2,Ramsey,MN,21.0,9.0,71.0,29.35,10.0,13.0,0.0
2,Los Angeles,CA,47.0,47.0,54.0,29.88,10.0,0.0,0.0
2,Davidson,TN,47.0,45.0,77.0,29.52,10.0,5.0,0.0
2,Alameda,CA,59.0,59.0,75.0,30.01,10.0,12.0,0.0
2,Los Angeles,CA,86.0,86.0,37.0,29.06,10.0,14.0,0.0
2,Montgomery,MD,47.0,43.0,80.0,29.55,10.0,8.0,0.0
2,Napa,CA,64.0,64.0,93.0,29.89,4.0,15.0,0.0
2,Orange,CA,81.0,81.0,21.0,29.77,10.0,10.0,0.0
2,Cheshire,NH,33.0,22.0,72.0,29.35,8.0,20.0,0.0
2,Escambia,FL,83.0,83.0,74.0,29.84,10.0,3.0,0.0
2,Horry,SC,67.0,67.0,66.0,30.43,10.0,9.0,0.0
2,DuPage,IL,30.0,18.0,64.0,29.4,8.0,17.0,0.0
2,Travis,TX,55.0,55.0,74.0,29.29,10.0,3.0,0.0
2,Travis,TX,87.0,87.0,49.0,29.16,10.0,0.0,0.0
3,San Bernardino,CA,88.0,88.0,25.0,28.91,10.0,8.0,0.0
2,Monterey,CA,96.0,96.0,19.0,29.76,6.0,6.0,0.0
3,Alameda,CA,68.0,68.0,52.0,30.03,10.0,15.0,0.0
2,Broward,FL,77.0,77.0,64.0,30.13,10.0,13.0,0.0
2,San Diego,CA,54.0,54.0,86.0,29.94,2.0,0.0,0.1
2,Walton,FL,80.0,80.0,85.0,29.82,10.0,3.0,0.0
2,Dane,WI,29.0,19.0,86.0,28.95,1.0,12.0,0.0
2,Oklahoma,OK,78.0,78.0,69.0,28.68,10.0,6.0,0.0
2,Chester,PA,64.0,64.0,59.0,29.09,10.0,7.0,0.0
4,Frederick,VA,61.0,61.0,45.0,29.42,10.0,8.0,0.0
2,Kershaw,SC,28.0,28.0,93.0,29.97,10.0,0.0,0.0
2,Pierce,WA,36.0,36.0,72.0,29.52,10.0,0.0,0.0
2,Allegany,MD,37.0,37.0,99.0,29.45,7.0,0.0,0.0
2,Orange,FL,51.0,51.0,59.0,30.06,10.0,14.0,0.0
2,Shelby,TN,73.0,73.0,88.0,29.58,7.0,7.0,0.0
3,Madison,AL,67.0,67.0,62.0,28.94,10.0,14.0,0.0
2,New York,NY,66.0,66.0,81.0,30.01,10.0,0.0,0.0
2,Tulare,CA,49.0,49.0,100.0,29.74,10.0,0.0,0.0
2,Monroe,NY,68.0,68.0,52.0,29.41,10.0,17.0,0.0
2,Washington,VA,37.0,37.0,62.0,28.21,10.0,0.0,0.0
2,Multnomah,OR,67.0,67.0,73.0,30.26,10.0,3.0,0.0
2,Kern,CA,81.0,81.0,28.0,29.31,10.0,5.0,0.0
2,Horry,SC,36.0,28.0,44.0,30.29,10.0,13.0,0.0
2,Montgomery,MD,69.0,69.0,96.0,29.6,0.75,0.0,0.0
2,Rockingham,NH,44.0,44.0,73.0,29.99,10.0,0.0,0.0
2,Columbia,PA,66.0,66.0,63.0,29.53,10.0,0.0,0.0
2,Multnomah,OR,56.0,56.0,51.0,30.15,10.0,10.0,0.0
2,Salt Lake,UT,65.0,65.0,34.0,25.63,10.0,13.0,0.0
2,Miami-Dade,FL,78.0,78.0,66.0,30.08,10.0,17.0,0.0
2,Okaloosa,FL,71.0,71.0,71.0,29.95,10.0,7.0,0.0
2,Lassen,CA,23.0,23.0,86.0,25.05,10.0,0.0,0.0
3,Orange,FL,88.0,88.0,57.0,29.91,10.0,8.0,0.0
2,Orangeburg,SC,28.0,20.0,59.0,30.15,10.0,9.0,0.0
2,Dakota,MN,46.0,46.0,87.0,28.84,10.0,0.0,0.0
2,Hamilton,OH,75.0,75.0,64.0,29.41,10.0,14.0,0.0
2,Jefferson,AL,56.0,56.0,67.0,29.45,10.0,5.0,0.0
2,Faribault,MN,53.0,53.0,100.0,28.43,1.0,5.0,0.0
3,Westchester,NY,69.0,69.0,51.0,30.09,10.0,13.0,0.0
2,Richmond,GA,35.0,35.0,85.0,29.9,10.0,3.0,0.0
2,Davidson,NC,90.0,90.0,35.0,29.1,10.0,5.0,0.0
2,Denver,CO,46.0,39.0,40.0,24.4,10.0,20.0,0.0
2,Contra Costa,CA,64.0,64.0,70.0,29.68,10.0,16.0,0.0
2,Orange,CA,71.0,71.0,63.0,29.92,10.0,7.0,0.0
2,Hillsborough,FL,79.0,79.0,100.0,30.0,10.0,0.0,0.0
3,Cook,IL,86.0,86.0,44.0,29.28,10.0,14.0,0.0
2,Wake,NC,93.0,93.0,34.0,29.57,10.0,7.0,0.0
2,Dorchester,SC,68.0,68.0,35.0,29.89,10.0,9.0,0.0
3,Gwinnett,GA,40.0,34.0,63.0,29.29,10.0,9.0,0.0
3,Bay,MI,42.1,36.6,89.0,29.63,7.0,9.2,0.03
2,Los Angeles,CA,68.0,68.0,30.0,29.77,10.0,3.0,0.0
2,Orange,FL,89.0,89.0,57.0,29.84,10.0,15.0,0.0
2,Calaveras,CA,39.0,39.0,87.0,27.92,8.0,0.0,0.0
2,Mecklenburg,NC,33.0,25.0,50.0,29.64,10.0,10.0,0.0
2,El Dorado,CA,16.0,7.0,84.0,24.16,10.0,6.0,0.0
3,Baltimore County,MD,72.0,72.0,60.0,29.11,10.0,0.0,0.0
2,Los Angeles,CA,59.0,59.0,83.0,29.84,6.0,0.0,0.0
2,Denver,CO,27.0,21.0,100.0,24.39,0.75,5.0,0.0
2,Miami-Dade,FL,72.0,72.0,100.0,30.0,5.0,3.0,0.0
2,San Diego,CA,58.0,58.0,90.0,29.69,3.0,0.0,0.0
2,Tehama,CA,53.0,53.0,50.0,29.6,10.0,26.0,0.0
2,San Mateo,CA,56.0,56.0,53.0,30.2,10.0,6.0,0.0
2,Fairfax County,VA,32.0,26.0,64.0,30.16,10.0,7.0,0.0
2,Fairfax County,VA,62.0,62.0,96.0,30.15,6.0,0.0,0.0
3,Alachua,FL,81.0,81.0,94.0,29.89,4.0,7.0,0.14
2,East Baton Rouge,LA,88.0,88.0,53.0,29.94,10.0,6.0,0.0
2,Los Angeles,CA,66.0,66.0,78.0,29.94,3.0,0.0,0.0
2,Douglas,GA,67.0,67.0,39.0,29.07,10.0,5.0,0.0
2,Ventura,CA,71.0,71.0,41.0,29.89,10.0,6.0,0.0
3,Riverside,CA,37.0,37.0,80.0,28.47,9.0,0.0,0.0
3,Maricopa,AZ,101.0,101.0,7.0,28.57,10.0,7.0,0.0
2,Fairfax County,VA,51.0,51.0,66.0,30.35,10.0,6.0,0.02
3,Miami-Dade,FL,72.0,72.0,73.0,30.0,10.0,5.0,0.0
3,Summit,OH,33.0,25.0,66.0,28.89,10.0,9.0,0.0
3,Chesapeake,VA,48.0,43.0,96.0,30.19,7.0,13.0,0.0
2,Cook,IL,38.0,32.0,72.0,29.75,10.0,9.0,0.0
2,Los Angeles,CA,64.0,64.0,78.0,29.87,5.0,0.0,0.0
2,San Diego,CA,50.0,50.0,48.0,28.55,10.0,0.0,0.0
3,Miami-Dade,FL,84.0,84.0,55.0,30.02,10.0,18.0,0.02
2,DuPage,IL,36.0,27.1,82.0,29.76,10.0,13.8,0.0
2,Suffolk,NY,62.0,62.0,52.0,30.25,10.0,8.0,0.0
2,Los Angeles,CA,74.0,74.0,64.0,29.69,7.0,5.0,0.0
2,Oklahoma,OK,79.0,79.0,32.0,28.6,10.0,9.0,0.0
2,Siskiyou,CA,61.0,61.0,48.0,27.26,10.0,7.0,0.0
2,Lee,FL,78.0,78.0,93.0,29.93,10.0,0.0,0.0
2,Florence,SC,75.0,75.0,73.0,29.73,10.0,21.0,0.0
2,Harris,TX,84.0,84.0,61.0,29.65,10.0,7.0,0.0
2,Harris,TX,80.0,80.0,52.0,29.9,10.0,8.0,0.0
3,Los Angeles,CA,66.0,66.0,68.0,29.81,10.0,10.0,0.0
2,Virginia Beach,VA,68.0,68.0,73.0,30.14,10.0,18.0,0.0
1,Multnomah,OR,55.0,55.0,89.0,29.87,10.0,6.0,0.06
2,Oklahoma,OK,90.0,90.0,37.0,28.56,10.0,8.0,0.0
2,Santa Clara,CA,74.0,74.0,59.0,29.88,10.0,9.0,0.0
3,Mercer,NJ,65.0,65.0,75.0,29.71,10.0,29.0,0.03
2,Santa Barbara,CA,54.0,54.0,98.0,29.52,0.38,0.0,0.0
2,Fairfield,CT,52.0,52.0,89.0,29.75,10.0,9.0,0.0
2,Genesee,MI,35.1,25.2,82.0,29.64,10.0,16.1,0.0
2,Montgomery,AL,84.0,84.0,76.0,29.73,10.0,0.0,0.0
